161;zoya;sif;15000
162;meccanism;dia;20000
163;ria miranda;kat;25000
164;kami idea;org;40000
165;jenahara;jer;30000
166;rabbani;sa;50000
167;flow idea;wo;45000
168;elzatta;vo;60000
169;dian pelangi;cor;75000
170;shasmira;raj;55000
171;hijab alila;hyc;50000
172;syahida hijab;spa;100000
173;shafira;ka;120000
174;apple hijab brand;kas;150000
175;flori design;sut;90000
176;arniz collection;voa;110000
177;such;par;65000
178;mezora;poll;80000
179;qalisya;cre;35000
180;ukhti;vis;200000
181;sayra hijab;cer;150000
182;irna la perle;max;95000
183;nuhijab;ray;35000
184;tuneeca;tur;98000
185;rani hatta;pas;69000
186;ricis by khaira;mer;23000
187;diaro;kun;59000
188;jilbab arfa;hi;30000
189;hijab princess;bir;78000
190;rawis hijab;hit;19000
